Employee_ID,Age,Department,job_role,Gener,Monthly_Income,Years_At_Company,Education_Level,Traininghours,Performance_Score,Leave_Daystaken,Attendance_Rate_Pct,Attrition
EMP0001,40,Research & development,Senior Scientist,Male,12683,5,Bachelor,60,4.1,11,97,No
EMP0002,28,Human Resources,HR Associate,Female,4582,5,College,40,4.4,10,97.3,No
EMP0003,30,Research & development,Senior Scientist,Female,11939,7,Below College,12,4,15,94.7,Yes
EMP0004,25,Research & development,Healthcare Representative,Male,6242,3,College,15,4.1,10,95.8,No
EMP0005,31,Sales,Sales Executive,Male,3213,6,Doctorate,13,2.7,8,97.7,No
EMP0006,22,Sales,Sales Executive,Male,6471,0,Master,60,2.5,12,96.3,Yes
EMP0007,29,Sales,Sales Executive,Female,6275,0,Doctorate,16,3.7,7,97.6,Yes
EMP0008,39,Research & Development,Senior Scientist,Male,14390,15,Bachelor,42,3.5,5,98.7,No
EMP0009,33,Research & Development,Laborary Technician,Male,3631,9,College,60,3.3,11,95.7,No
EMP0010,43,Research & Development,Manufacturing Director,Female,9424,10,Bachelor,43,3.7,8,97.3,No
EMP0011,48,Sales,Regional Manager,Male,15982,23,Bachelor,29,4.4,9,96.2,No
EMP0012,42,Human Resources,HR Manager,Female,11204,18,Master,60,4.4,,98.3,No
EMP0013,32,Research & Development,Healthcare Representative,,6627,10,Below College,28,2.6,21,93.7,No
EMP0014,21,Sales,Sales Executive,Male,3760,0,Bachelor,34,2.4,11,96.6,Yes
EMP0015,30,Sales,Sales Representative,Male,5868,3,College,17,3.7,18,93.6,No
EMP0016,32,Sales,Sales Executive,Female,4408,7,Bachelor,13,2.2,6,97.5,Yes
EMP0017,21,Sales,Sales Executive,Female,3636,0,Master,60,2.9,15,96.1,Yes
EMP0018,46,Research & Development,Manufacturing Director,Female,15136,8,Bachelor,30,3.9,7,97.4,No
EMP0019,23,Research & Development,Healthcare Representative,Male,4983,1,Bachelor,22,3.3,13,94.8,Yes
EMP0020,30,Sales,Regional Manager,Female,11902,7,Bachelor,16,4,6,97.6,No
EMP0021,23,Research & Development,Heathcare Representative,Male,6080,1,Bachelor,60,3,3,97.7,Yes
EMP0022,23,Sales,Sales Executive,Male,5497,1,Master,14,3.7,19,93.7,No
EMP0023,30,Sale,Sales Representative,Female,5155,3,Master,50,3.4,11,96.6,No
EMP0024,41,Research & Development,Senior Scientist,Male,13521,8,Doctorate,60,3.8,14,96.3,No
EMP0025,40,Research & Development,Senior Scientist,Male,9073,20,Master,12,4.3,4,98.9,No
EMP0026,52,Research & Development,Manufacturing Director,Male,10815,11,Bachelor,21,4.1,5,97.1,No
EMP0027,21,Sales,Sales Executive,Male,4539,0,Bachelor,14,2.1,,97.9,Yes
EMP0028,35,Research & Development,Senior Scientit,Male,15966,9,Bachelor,45,4,20,94.7,No
EMP0029,35,Research & Development,Healthcare Representative,Female,4013,6,Bachelor,15,3.2,9,97.4,No
EMP0030,45,Sales,Regional Manager,Male,11366,11,Master,60,3.6,2,98.7,No
EMP0031,41,Research & Development,Senior Scientist,Female,14426,16,Below College,25,4,21,93.9,Yes
EMP0032,36,Sales,Sales Executive,Female,7421,8,Master,21,2.2,11,96.8,Yes
EMP0033,22,Sales,Sales Representative,Male,3601,0,Bachelor,60,3.8,7,96.8,No
EMP0034,26,Human Resources,HR ,Male,5860,1,Bachelor,41,2.8,20,94.6,No
EMP0035,31,Human Resources,HR Associate,Male,3598,5,Bachelor,21,2.4,11,95.8,Yes
EMP0036,,Research & Development,Healthcare Representative,Female,4659,0,Master,21,3.2,17,95.2,No
EMP0037,35,Sales,Sales Representative,Male,4874,9,Bachelor,60,2.4,3,97.9,No
EMP0038,43,Sales,Regional Manager,Female,12440,7,Bachelor,20,4.7,3,97.6,No
EMP0039,31,Research & Development,Laboratory Technician,Male,3163,1,Below College,46,2.3,17,94.6,No
EMP0040,27,Research & Development,Laboratory Technician,Female,2500,3,Bachelor,60,3,18,95.4,No
EMP0041,21,Sales,Sales Executive,Male,4071,0,College,29,4,18,94.4,No
EMP0042,31,Research & Development,Laboratory Technician,Male,5005,1,Master,30,4,13,96.3,No
EMP0043,25,Sales,Sales Representative,Female,3464,1,Bachelor,37,4.2,6,98.4,No
EMP0044,34,Human Resources,HR Associate,Female,4813,11,Bachelor,38,2,2,98.4,No
EMP0045,42,Sales,Regional Manager,Male,9439,19,Below College,60,3.9,6,98.4,No
EMP0046,43,Research & Development,Manufacturing Director,Female,10771,15,Below College,15,3.1,8,96.1,No
EMP0047,25,Sales,Sales Executive,Male,4908,3,Master,32,4,21,94.2,No
EMP0048,47,Research & Development,Manufacturing Director,Female,11915,7,Below College,60,4.1,10,96,No
EMP0049,28,Research & Development,Laboratory Technician,Female,2767,,Below College,28,3.5,4,98.5,Yes
EMP0050,23,Sales,Sales Executive,Male,5022,1,Below College,60,2.4,21,94.2,Yes
EMP0051,39,Human Resources,HR Manager,Male,11817,11,Doctorate,40,4.3,7,97.7,No
EMP0052,32,Research & Development,Laboratory Technician,Male,6616,5,Master,10,2.6,5,96.9,No
EMP0053,37,Human Resources,HR Manager,Female,13014,14,Bachelor,46,3,5,97.3,No
EMP0054,,Research & Development,Senior Scientist,Female,15081,13,Bachelor,60,4.1,11,96.5,No
EMP0055,40,Research & Development,Manufacturing Director,Male,13395,13,Bachelor,43,4,19,95.1,No
EMP0056,29,Human Resources,HR Associate,Male,4857,6,Master,24,3.3,20,93.8,No
EMP0057,34,Sales,Sales Representative,Female,5743,2,Bachelor,52,3.6,16,94.5,Yes
EMP0058,39,Sales,Regional Manager,Non-Binary,8245,7,College,32,4.2,17,95.1,No
EMP0059,36,Sales,Regional Manager,Female,12413,10,College,43,4.5,15,95.7,No
EMP0060,28,Sales,Sales Representative,Male,5419,3,Below College,21,2.7,6,97.2,No
EMP0061,32,Research & Development,Laboratory Technician,Male,4215,7,Bachelor,27,4.1,19,94,No
EMP0062,25,Sales,Sales Executive,Male,5531,1,Master,18,2.1,8,97.9,No
EMP0063,40,Research & Development,Senior Scientist,Female,10196,14,Bachelor,23,3,7,97.9,No
EMP0064,32,Research & Development,Laboratory Technician,Male,5649,9,Below College,50,3.1,2,98.9,No
EMP0065,21,Sales,Sales Executive,Female,5139,0,Below College,48,4.1,15,94.4,No
EMP0066,36,Research & Development,Senior Scientist,Male,14898,7,Doctorate,19,3.5,10,97.3,No
EMP0067,47,Sales,Regional Manager,Female,11372,18,Bachelor,58,4.7,4,98.2,Yes
EMP0068,30,Research & Development,Laboratory Technician,Female,3388,1,Master,16,3.7,14,96.2,Yes
EMP0069,35,Sales,Sales Executive,Female,4693,4,Bachelor,20,3.4,12,95.5,No
EMP0070,40,Human Resources,HR Manager,Male,11424,7,Bachelor,33,4,15,95.9,No
EMP0071,24,Research & Development,Healthcare Representative,Male,3661,2,College,30,3.5,16,94.5,No
EMP0072,51,Sales,Regional Manager,Male,14110,9,College,23,4,2,98.2,No
EMP0073,27,Sales,Sales Representative,Female,6817,5,Bachelor,60,3.1,18,95.1,No
EMP0074,33,Research & Development,Laboratory Technician,Female,5359,11,Master,33,3.9,12,96.9,No
EMP0075,26,Research & Development,Healthcare Representative,Female,4936,3,Bachelor,42,4.2,10,96.4,No
EMP0076,26,Research & Development,Laboratory Technician,Female,4904,,Bachelor,28,2.7,20,93.4,No
EMP0077,23,Research & Development,Healthcare Representative,Female,4423,0,Below College,60,4,17,95.3,Yes
EMP0078,32,Sales,Sales Executive,Male,2500,10,Doctorate,36,2.2,14,95.6,No
EMP0079,33,Research & Development,Manufacturing Director,Female,13239,6,Master,21,3.7,5,97.8,No
EMP0080,30,Sales,Sales Executive,Male,4256,3,Bachelor,56,4.1,10,97.5,No
EMP0081,21,Research & Development,Laboratory Technician,Male,6683,0,Doctorate,20,3.3,21,94.5,No
EMP0082,40,Research & Development,Senior Scientist,Female,15012,13,Bachelor,22,3.7,18,95,No
EMP0083,31,Sales,Sales Representative,Male,4872,5,Bachelor,14,3.6,11,96.4,No
EMP0084,47,Sales,Regional Manager,Male,9542,22,Master,42,4.7,12,96.6,No
EMP0085,27,Sales,Sales Executive,Female,3201,2,Master,24,4.4,7,97.2,No
EMP0086,36,Sales,Regional Manager,Male,14210,7,Bachelor,39,3.4,14,95.2,No
EMP0087,51,Research & Development,Manufacturing Director,Female,13074,23,College,15,4.5,21,93.2,No
EMP0088,25,Research & Development,Laboratory Technician,Male,4420,1,Bachelor,60,2.1,4,97.4,No
EMP0089,37,Research & Development,Manufacturing Director,Male,14329,13,Master,19,4.8,8,96,No
EMP0090,49,Research & Development,Manufacturing Director,Male,13179,20,College,53,4.9,13,96.1,No
EMP0091,22,Sales,Sales Representative,Male,4207,0,Bachelor,48,2.9,12,97,Yes
EMP0092,31,Research & Development,Laboratory Technician,Female,6094,7,Bachelor,55,2.1,12,97,No
EMP0093,29,Research & Development,Laboratory Technician,Male,5754,4,Bachelor,45,4.5,12,95.6,No
EMP0094,30,Research & Development,Laboratory Technician,Female,2820,8,Bachelor,20,4.3,6,97.2,No
EMP0095,31,Research & Development,Laboratory Technician,Male,5562,5,Master,25,2.1,19,94.5,No
EMP0096,56,Research & Development,Senior Scientist,Female,12007,25,College,18,4.3,20,93.5,No
EMP0097,30,Research & Development,Laboratory Technician,Female,3444,4,College,55,3.7,15,96.1,No
EMP0098,35,Research & Development,Laboratory Technician,Female,5524,11,College,60,4,4,97.7,No
EMP0099,29,Sales,Sales Representative,Male,3118,2,Master,31,4.3,9,97.6,No
EMP0100,23,Sales,Sales Representative,Male,4321,1,Bachelor,60,4.2,12,96.6,No
EMP0101,38,Sales,Regional Manager,Male,14984,13,Bachelor,13,4.8,20,94.9,No
EMP0102,36,Research & Development,Healthcare Representative,Female,6189,14,Master,13,3.9,8,97.1,No
EMP0103,26,Sales,Sales Representative,Male,3604,0,Master,16,2.5,21,94.6,No
EMP0104,43,Research & Development,Senior Scientist,Male,11517,20,Master,60,4.5,9,97.7,No
EMP0105,21,Human Resources,HR Associate,Female,3249,0,Master,17,2.3,18,94.8,Yes
EMP0106,32,Sales,Sales Representative,Male,6300,1,Bachelor,47,3.2,15,95.6,Yes
EMP0107,39,Research & Development,Senior Scientist,Female,11950,10,Master,53,3.6,11,96.7,No
EMP0108,48,Research & Development,Manufacturing Director,Male,15282,19,Bachelor,59,4.6,16,95.9,Yes
EMP0109,22,Sales,Sales Representative,Male,3900,0,Master,26,3.9,13,95.4,No
EMP0110,26,Sales,Sales Representative,Female,5765,1,Master,45,3.1,9,97.4,No
EMP0111,36,Sales,Sales Representative,Male,4589,7,Master,22,4.2,8,96.1,No
EMP0112,46,Sales,Regional Manager,Female,9805,8,Bachelor,16,3.6,14,95.7,No
EMP0113,38,Human Resources,HR Manager,Male,12441,9,College,21,4.6,13,95.6,No
EMP0114,40,Research & Development,Healthcare Representative,Male,7220,11,Bachelor,34,3.9,11,95.7,No
EMP0115,24,Research & Development,Laboratory Technician,Female,3448,1,Doctorate,18,2.5,9,95.9,Yes
EMP0116,49,Research & Development,Manufacturing Director,Female,12363,22,Master,10,4.2,17,94.5,No
EMP0117,25,Research & Development,Healthcare Representative,Female,6166,3,Below College,10,2.4,17,95.1,No
EMP0118,45,Sales,Regional Manager,Male,13773,14,College,10,3.1,2,97.8,No
EMP0119,21,Research & Development,Healthcare Representative,Female,4138,0,College,12,3.8,9,97.2,Yes
EMP0120,21,Research & Development,Laboratory Technician,Male,5055,0,Master,36,3.4,2,99,No
EMP0121,21,Research & Development,Laboratory Technician,Male,3231,0,Master,12,3.1,18,95,Yes
EMP0122,21,Research & Development,Laboratory Technician,Female,3296,,College,32,3.6,7,96.9,No
EMP0123,34,Sales,Sales Executive,Male,6492,6,Bachelor,60,2.9,5,96.8,Yes
EMP0124,32,Sales,Sales Representative,Female,6267,10,Master,20,2.8,9,97.1,No
EMP0125,32,Sales,Sales Executive,Male,3940,10,Master,21,2.5,5,98.4,No
EMP0126,29,Research & Development,Healthcare Representative,Male,3122,1,Bachelor,24,4.4,3,98.9,Yes
EMP0127,52,Research & Development,Manufacturing Director,Female,13554,23,Bachelor,60,4.2,6,98.3,No
EMP0128,23,Research & Development,Laboratory Technician,Female,6596,0,Bachelor,60,4.2,5,98.1,No
EMP0129,36,Sales,Sales Representative,Female,3977,14,Bachelor,59,3.5,21,94.5,No
EMP0130,29,Research & Development,Laboratory Technician,Female,3621,7,Bachelor,43,2.3,6,97.8,Yes
EMP0131,50,Research & Development,Senior Scientist,Female,14502,26,Bachelor,30,4.6,4,98.2,No
EMP0132,27,Sales,Sales Representative,Female,4132,4,Master,11,2.2,6,98.3,No
EMP0133,29,Sales,Sales Representative,Female,4232,6,Bachelor,33,3.7,12,95.9,No
EMP0134,31,Sales,Sales Executive,Male,5448,5,Master,23,2.6,10,97.4,No
EMP0135,42,Human Resources,HR Manager,Male,11707,5,College,25,4.4,9,95.8,No
EMP0136,21,Sales,Sales Representative,Male,5734,0,Bachelor,26,4.1,14,94.9,Yes
EMP0137,22,Research & Development,Laboratory Technician,Non-Binary,3735,0,Below College,26,3.2,7,97.1,Yes
EMP0138,47,Research & Development,Senior Scientist,Female,12923,12,College,19,3.9,4,99,No
EMP0139,47,Research & Development,Manufacturing Director,Male,15914,5,Master,23,4,7,96.9,No
EMP0140,55,Human Resources,HR Manager,Female,12998,6,Doctorate,13,3.8,20,93.5,Yes
EMP0141,26,Human Resources,HR Associate,Female,3743,2,Below College,54,3,9,97.1,No
EMP0142,42,Sales,Regional Manager,Male,11422,10,Bachelor,38,3.8,15,95.7,No
EMP0143,42,Research & Development,Manufacturing Director,Female,11300,17,Master,23,3.1,14,95.1,No
EMP0144,47,Sales,Regional Manager,Female,11488,23,College,35,4.8,17,94.9,No
EMP0145,22,Sales,Sales Executive,Male,2500,0,Bachelor,10,3.6,15,96,No
EMP0146,31,Sales,Sales Executive,Female,3932,4,Master,19,3.3,21,94.3,No
EMP0147,35,Research & Development,Healthcare Representative,Male,3669,4,Bachelor,50,3.7,2,98.7,No
EMP0148,35,Research & Development,Healthcare Representative,Female,4209,13,College,25,2.5,19,95,No
EMP0149,44,Sales,Regional Manager,Non-Binary,6593,20,Bachelor,13,4.6,17,94.9,No
EMP0150,27,Sales,Sales Executive,Female,3593,0,Master,37,2,21,94.1,Yes
EMP0151,30,Human Resources,HR Associate,Male,4070,8,Bachelor,11,3,12,96.2,Yes
EMP0152,45,Sales,Regional Manager,Female,11177,5,Below College,19,4.6,17,94.4,No
EMP0153,59,Sales,Regional Manager,Female,14600,29,Master,27,3.3,9,97.6,No
EMP0154,25,Research & Development,Healthcare Representative,Male,5286,0,Below College,60,4,17,95.4,Yes
EMP0155,31,Human Resources,HR Associate,Female,3569,,Master,24,3.2,4,98,No
EMP0156,41,Sales,Regional Manager,Male,10732,9,College,29,4.8,7,97.6,No
EMP0157,42,Research & Development,Senior Scientist,Female,12316,5,Doctorate,39,3.8,14,96,No
EMP0158,38,Research & Development,Senior Scientist,Male,10495,9,Bachelor,37,3.5,21,93.4,No
EMP0159,28,Sales,Sales Executive,Male,4051,3,Bachelor,10,2.2,13,96.6,No
EMP0160,38,Research & Development,Manufacturing Director,Male,12024,6,College,45,3.7,20,93,No
EMP0161,21,Research & Development,Healthcare Representative,Female,2500,0,Bachelor,57,3.4,15,96.2,No
EMP0162,46,Research & Development,Senior Scientist,Male,14557,19,Master,52,3,18,93.7,No
EMP0163,33,Research & Development,Laboratory Technician,Female,5264,9,Doctorate,27,3.5,20,94.7,No
EMP0164,22,Research & Development,Healthcare Representative,Male,4087,0,Bachelor,60,3.2,2,98.2,No
EMP0165,31,Sales,Sales Executive,Male,2988,2,Bachelor,40,2.3,10,95.5,Yes
EMP0166,26,Research & Development,Laboratory Technician,Female,5140,2,Master,12,2,3,97.6,No
EMP0167,35,Sales,Sales Executive,Female,2500,2,Master,37,2.7,15,95.5,No
EMP0168,36,Sales,Sales Representative,Male,6841,7,Bachelor,12,2.2,19,95,No
EMP0169,22,Sales,Sales Executive,Female,4164,0,Bachelor,28,2.7,17,93.8,No
EMP0170,52,Research & Development,Senior Scientist,Female,14321,28,Bachelor,10,3.6,17,95.3,No
EMP0171,44,Research & Development,Senior Scientist,Female,9896,5,Bachelor,60,4.4,15,96,No
EMP0172,46,Sales,Regional Manager,Male,13292,6,Below College,42,3.8,15,96,Yes
EMP0173,30,Research & Development,Healthcare Representative,Male,2500,1,Bachelor,52,2.2,14,94.6,No
EMP0174,34,Sales,Sales Representative,Female,4771,4,Bachelor,60,3.7,9,97.6,No
EMP0175,27,Research & Development,Healthcare Representative,Male,4893,0,Master,60,2.2,4,97.4,Yes
EMP0176,44,Sales,Regional Manager,Female,7986,19,Below College,39,4.2,2,98.2,No
EMP0177,28,Research & Development,Healthcare Representative,Female,3308,1,Bachelor,23,4,20,93.5,No
EMP0178,33,Research & Development,Laboratory Technician,Female,5376,3,Bachelor,49,3.2,12,96.6,No
EMP0179,34,Human Resources,HR Manager,Female,12391,7,Bachelor,46,3.6,20,93.3,No
EMP0180,35,Sales,Regional Manager,Non-Binary,12515,10,Below College,11,4.6,12,96.5,No
EMP0181,23,Sales,Sales Executive,Male,5012,1,Bachelor,13,3.4,16,95.3,No
EMP0182,24,Sales,Sales Representative,Female,5894,2,Bachelor,42,3.3,17,95.6,No
EMP0183,48,Human Resources,HR Manager,Male,12372,19,Bachelor,21,3.6,10,97,No
EMP0184,34,Research & Development,Senior Scientist,Male,13887,10,Bachelor,11,3.9,15,95.9,No
EMP0185,29,Sales,Sales Representative,Female,4463,0,Bachelor,33,3.5,21,94,No
EMP0186,28,Research & Development,Laboratory Technician,Female,5113,6,Master,26,2.4,8,96.9,Yes
EMP0187,23,Research & Development,Healthcare Representative,Non-Binary,4066,,Bachelor,43,2.4,12,95.6,Yes
EMP0188,32,Research & Development,Healthcare Representative,Female,4805,6,Master,50,2.9,19,94.2,No
EMP0189,43,Research & Development,Senior Scientist,Male,13607,9,Bachelor,14,3.3,5,97.5,No
EMP0190,30,Sales,Sales Executive,Male,6286,7,Below College,26,2.2,13,94.9,No
EMP0191,28,Sales,Sales Executive,Female,4381,0,Below College,60,4.2,14,95.7,No
EMP0192,47,Research & Development,Senior Scientist,Male,6935,16,Bachelor,37,4.9,2,99.2,No
EMP0193,40,Human Resources,HR Manager,Male,11193,10,Master,21,4.3,19,94.1,No
EMP0194,47,Research & Development,Senior Scientist,Male,12452,21,Master,24,3.4,19,94.7,No
EMP0195,21,Sales,Sales Executive,Male,2687,0,Master,60,2.6,8,96.8,Yes
EMP0196,42,Sales,Regional Manager,Male,11962,17,Bachelor,48,4.6,11,96.2,No
EMP0197,21,Research & Development,Healthcare Representative,Male,4247,0,Bachelor,22,2.5,7,97.5,No
EMP0198,21,Research & Development,Laboratory Technician,Male,4093,0,College,27,2.4,4,98.9,No
EMP0199,25,Research & Development,Laboratory Technician,Male,4113,3,Bachelor,53,3.9,18,94.2,Yes
EMP0200,22,Research & Development,Healthcare Representative,Non-Binary,7207,0,Bachelor,60,4.3,15,95.2,No
EMP0201,28,Research & Development,Laboratory Technician,Male,4059,5,Below College,60,2.1,12,95.9,Yes
EMP0202,51,Sales,Regional Manager,Male,14772,14,College,23,4,21,93.6,Yes
EMP0203,35,Sales,Sales Representative,Female,5297,4,Bachelor,16,3,21,94.4,No
EMP0204,39,Research & Development,Manufacturing Director,Male,12422,8,Master,24,4.6,16,95.3,
EMP0205,33,Research & Development,Healthcare Representative,Female,3160,11,Doctorate,26,3.8,2,98.7,No
EMP0206,41,Sales,Regional Manager,Female,13651,15,Master,28,3.7,21,93,Yes
EMP0207,29,Sales,Sales Executive,Male,5441,3,Bachelor,34,3.7,17,94.5,No
EMP0208,25,Research & Development,Laboratory Technician,Male,3091,2,Bachelor,23,3.2,14,95.3,No
EMP0209,22,Sales,Sales Representative,Female,5187,0,Bachelor,11,2.6,16,95.9,No
EMP0210,28,Sales,Sales Executive,Female,4371,2,Master,23,3.9,9,96.5,No
EMP0211,30,Research & Development,Healthcare Representative,Male,4186,0,College,15,3.7,19,94.4,No
EMP0212,31,Research & Development,Laboratory Technician,Female,4647,1,Bachelor,12,3.2,19,93.8,No
EMP0213,50,Research & Development,Senior Scientist,Male,12103,9,Master,59,3,12,95.8,No
EMP0214,26,Sales,Sales Representative,Non-Binary,6074,3,Bachelor,31,4.3,20,94.7,No
EMP0215,40,Research & Development,Senior Scientist,Male,9867,12,Bachelor,23,4.2,10,97.3,No
EMP0216,31,Sales,Sales Executive,Female,5638,5,Bachelor,21,2,16,95.2,No
EMP0217,27,Sales,Sales Representative,Female,5699,3,College,38,3.7,14,96.5,No
EMP0218,31,Research & Development,Laboratory Technician,Female,4063,0,Bachelor,60,2.6,12,96.6,Yes
EMP0219,26,Research & Development,Laboratory Technician,Female,2864,1,Bachelor,11,4.3,8,97.4,No
EMP0220,34,Research & Development,Healthcare Representative,Male,5076,1,Below College,21,3,6,97,No
EMP0221,42,Research & Development,Manufacturing Director,Male,11690,7,Below College,23,4.9,11,95.8,No
EMP0222,37,Research & Development,Healthcare Representative,Male,3362,11,Master,22,2.6,20,94,No
EMP0223,34,Sales,Sales Representative,Male,3668,11,Bachelor,15,4.1,7,97,Yes
EMP0224,27,Research & Development,Laboratory Technician,Female,3625,0,Bachelor,19,2.6,21,93.8,No
EMP0225,25,Sales,Sales Representative,Male,5007,2,Bachelor,38,4.4,18,94.2,No
EMP0226,42,Sales,Regional Manager,Male,10543,17,Master,13,4.7,17,95.1,No
EMP0227,50,Human Resources,HR Manager,Non-Binary,10591,23,Bachelor,32,5,9,96.4,No
EMP0228,21,Research & Development,Healthcare Representative,Female,5707,0,Bachelor,16,4.4,8,97.2,Yes
EMP0229,33,Research & Development,Healthcare Representative,Female,6208,4,Master,19,3.4,18,94.6,No
EMP0230,40,Research & Development,Senior Scientist,Non-Binary,7205,14,Master,13,4.8,21,94.5,No
EMP0231,41,Research & Development,Manufacturing Director,Male,11583,9,College,16,4.7,16,95.5,No
EMP0232,27,Research & Development,Laboratory Technician,Male,4657,0,Master,28,2.6,3,98.9,No
EMP0233,44,Research & Development,Healthcare Representative,Female,7269,3,Bachelor,17,4.5,18,94.6,No
EMP0234,35,Research & Development,Manufacturing Director,Female,8427,11,Bachelor,52,3.4,18,95.2,No
EMP0235,45,Sales,Regional Manager,Male,15302,10,College,60,4.2,6,98,Yes
EMP0236,21,Research & Development,Healthcare Representative,Female,4009,0,Below College,56,4.3,3,98.9,Yes
EMP0237,29,Sales,Sales Executive,Male,5256,1,Master,19,3.8,19,95.1,No
EMP0238,25,Sales,Sales Representative,Male,4894,0,Bachelor,16,4.5,19,94.9,Yes
EMP0239,27,Research & Development,Laboratory Technician,Female,3514,4,Bachelor,52,3.7,18,93.8,No
EMP0240,45,Sales,Regional Manager,Female,11000,5,Master,19,4.6,8,96.5,No
EMP0241,26,Human Resources,HR Associate,Female,5599,4,Master,29,2.7,10,97.5,No
EMP0242,28,Human Resources,HR Associate,Male,3160,1,College,11,3.1,4,98.3,No
EMP0243,27,Human Resources,HR Associate,Female,5599,1,Bachelor,60,2.3,17,94.3,No
EMP0244,39,Research & Development,Manufacturing Director,Male,11015,14,College,35,3.2,20,94.3,Yes
EMP0245,30,Sales,Sales Executive,Male,3938,4,Master,60,2.2,17,95.4,No
EMP0246,43,Human Resources,HR Manager,Female,11518,18,Bachelor,10,4,8,97.6,No
EMP0247,26,Research & Development,Healthcare Representative,Female,6395,2,Doctorate,15,3.8,18,94.5,No
EMP0248,55,Human Resources,HR Manager,Female,10100,8,Below College,49,3.8,7,97.4,Yes
EMP0249,40,Human Resources,HR Manager,Female,10351,17,Below College,40,4.5,6,98.2,No
EMP0250,39,Research & Development,Laboratory Technician,Female,4693,8,Bachelor,46,3.2,4,98.6,No
EMP0251,36,Sales,Sales Representative,Female,4752,12,Bachelor,60,3.7,10,96.8,No
EMP0252,46,Research & Development,Senior Scientist,Male,13344,20,College,30,4.4,18,94.6,No
EMP0253,32,Research & Development,Healthcare Representative,Male,2853,6,Master,21,3.7,18,95.1,No
EMP0254,26,Sales,Sales Executive,Male,5461,3,College,39,2.1,2,97.8,No
EMP0255,36,Sales,Regional Manager,Male,12443,9,Bachelor,57,3.5,10,96.8,No
EMP0256,46,Research & Development,Manufacturing Director,Female,15307,21,Master,29,4.1,19,93.8,No
EMP0257,22,Human Resources,HR Associate,Male,2727,0,Bachelor,60,2.8,21,93.6,No
EMP0258,35,Research & Development,Senior Scientist,Male,11607,10,Master,23,4.8,15,94.3,No
EMP0259,21,Research & Development,Laboratory Technician,Male,5079,0,Below College,42,2.8,18,93.8,No
EMP0260,21,Sales,Sales Representative,Female,5758,0,Bachelor,44,2.1,2,99.4,No
EMP0261,53,Research & Development,Senior Scientist,Male,8375,17,Below College,26,4.2,8,96.5,No
EMP0262,42,Human Resources,HR Manager,Female,17048,5,Below College,12,3.8,5,97.3,No
EMP0263,24,Sales,Sales Executive,Male,5623,2,Master,34,3.3,3,97.9,No
EMP0264,50,Research & Development,Senior Scientist,Male,12924,17,College,42,3.3,4,98,No
EMP0265,45,Research & Development,Senior Scientist,Female,12776,11,Bachelor,11,4.3,5,98.5,No
EMP0266,21,Research & Development,Healthcare Representative,Female,5731,0,Bachelor,31,3.4,21,93,Yes
EMP0267,53,Research & Development,Senior Scientist,Male,9806,12,Bachelor,43,4.7,6,98.3,No
EMP0268,48,Research & Development,Manufacturing Director,Female,8246,23,Master,24,4.3,15,95.7,No
EMP0269,34,Research & Development,Manufacturing Director,Female,12386,5,Below College,13,4.5,20,94,Yes
EMP0270,26,Sales,Sales Executive,Male,3177,3,Bachelor,42,4.4,3,99,No
EMP0271,48,Research & Development,Manufacturing Director,Female,9900,18,Doctorate,26,4.2,9,97.2,No
EMP0272,48,Research & Development,Senior Scientist,Female,10903,8,Bachelor,24,3.2,15,94.5,No
EMP0273,33,Research & Development,Manufacturing Director,Female,13502,10,Master,27,4.8,2,98.1,No
EMP0274,21,Human Resources,HR Associate,Female,4115,0,Below College,30,2,19,95.1,Yes
EMP0275,45,Research & Development,Senior Scientist,Female,12945,16,Bachelor,26,3.5,19,95.1,Yes
EMP0276,49,Research & Development,Senior Scientist,Female,10929,13,Bachelor,25,5,3,98.4,No
EMP0277,33,Research & Development,Healthcare Representative,Female,4244,3,Master,11,3.1,4,97.3,No
EMP0278,37,Research & Development,Manufacturing Director,Female,9755,6,Doctorate,12,3.7,21,92.8,No
EMP0279,46,Research & Development,Manufacturing Director,Female,14032,18,Bachelor,34,3.6,6,97.9,No
EMP0280,23,Research & Development,Healthcare Representative,Female,3114,1,Bachelor,26,2.1,17,94.5,Yes
EMP0281,22,Research & Development,Laboratory Technician,Female,3666,0,College,44,2.3,3,99.2,No
EMP0282,30,Sales,Sales Representative,Male,5440,0,Bachelor,57,3,13,96.5,No
EMP0283,42,Research & Development,Senior Scientist,Female,12822,13,Bachelor,41,3.4,10,97.2,No
EMP0284,38,Sales,Sales Executive,Female,4156,6,Doctorate,34,2.7,5,97.2,No
EMP0285,29,Research & Development,Healthcare Representative,Male,4666,7,Bachelor,17,3.1,18,93.5,No
EMP0286,44,Sales,Regional Manager,Female,12782,21,Bachelor,51,4.7,11,97.2,No
EMP0287,21,Research & Development,Laboratory Technician,Male,4669,0,College,13,3.6,3,97.4,No
EMP0288,53,Research & Development,Manufacturing Director,Male,11896,7,College,34,3.9,8,96.6,No
EMP0289,48,Sales,Regional Manager,Female,10820,20,College,22,3.1,20,94.6,No
EMP0290,34,Research & Development,Healthcare Representative,Male,5563,12,Bachelor,50,2.9,4,97.7,No
EMP0291,51,Sales,Regional Manager,Female,10445,14,Master,24,4.2,16,95.4,No
EMP0292,23,Sales,Sales Representative,Female,2791,1,Bachelor,60,2.3,4,97.8,No
EMP0293,55,Research & Development,Manufacturing Director,Female,14000,16,Bachelor,23,4.4,8,97.5,No
EMP0294,43,Research & Development,Senior Scientist,Male,12196,10,College,23,5,3,97.5,No
EMP0295,34,Sales,Sales Executive,Male,4942,11,Master,26,3.1,13,95.8,No
EMP0296,24,Research & Development,Laboratory Technician,Female,4458,1,Master,60,3,21,94.6,No
EMP0297,28,Research & Development,Laboratory Technician,Non-Binary,2500,5,Below College,33,3.6,15,96,No
EMP0298,35,Sales,Regional Manager,Female,11678,6,Master,60,3.7,6,98.5,No
EMP0299,37,Research & Development,Laboratory Technician,Male,4088,15,Bachelor,12,2.1,18,94.9,Yes
EMP0300,31,Sales,Sales Representative,Female,4340,4,Below College,30,2.7,14,95,No
EMP0301,28,Sales,Sales Representative,Female,2500,6,Bachelor,26,4,17,93.8,No
EMP0302,50,Research & Development,Senior Scientist,Female,12235,11,Bachelor,19,3.9,20,94.2,No
EMP0303,26,Research & Development,Healthcare Representative,Male,5922,2,College,21,3.8,14,96,No
EMP0304,27,Research & Development,Laboratory Technician,Female,5808,4,Master,17,3,18,93.7,Yes
EMP0305,46,Research & Development,Manufacturing Director,Female,12870,15,Master,60,4.2,10,97.5,No
EMP0306,33,Human Resources,HR Associate,Non-Binary,5495,2,Bachelor,60,4.2,8,96.9,No
EMP0307,27,Research & Development,Laboratory Technician,Male,4322,0,Bachelor,12,2.7,20,93.8,No
EMP0308,42,Sales,Regional Manager,Female,9738,10,Bachelor,48,3.9,4,97.8,No
EMP0309,39,Research & Development,Senior Scientist,Female,13184,14,Bachelor,13,3.5,8,97,No
EMP0310,29,Sales,Sales Executive,Male,3951,5,Bachelor,16,4.2,9,96.6,No
EMP0311,23,Research & Development,Healthcare Representative,Female,4145,0,Below College,41,3.5,9,95.8,No
EMP0312,37,Sales,Sales Representative,Female,4672,13,Bachelor,60,2.8,3,98.2,No
EMP0313,43,Sales,Regional Manager,Male,11138,6,Master,13,4.6,8,97.4,No
EMP0314,28,Human Resources,HR Associate,Male,6413,5,Bachelor,35,3.3,18,95,No
EMP0315,26,Research & Development,Healthcare Representative,Female,5748,2,Below College,26,2,14,95,Yes
EMP0316,50,Research & Development,Senior Scientist,Male,13140,14,Master,60,3.6,11,97,No
EMP0317,34,Research & Development,Laboratory Technician,Female,2667,7,College,18,2.3,18,95,No
EMP0318,28,Sales,Sales Executive,Male,4208,0,Bachelor,60,4.2,4,97.4,No
EMP0319,21,Sales,Sales Executive,Female,3525,0,College,44,2.2,14,95.8,No
EMP0320,28,Sales,Sales Representative,Male,4096,0,Bachelor,19,3,12,95.3,No
EMP0321,25,Research & Development,Healthcare Representative,Female,5580,1,Master,39,3.8,8,97.9,Yes
EMP0322,31,Research & Development,Laboratory Technician,Non-Binary,4739,1,Bachelor,30,3.9,14,96.5,No
EMP0323,50,Research & Development,Manufacturing Director,Non-Binary,12383,18,College,28,4.3,9,97.7,No
EMP0324,23,Sales,Sales Representative,Female,3827,1,Master,17,2.8,13,96.5,No
EMP0325,25,Human Resources,HR Associate,Male,3462,2,Master,60,2.8,21,94.5,No
EMP0326,35,Research & Development,Laboratory Technician,Female,4496,3,Master,17,4,19,94,Yes
EMP0327,33,Research & Development,Manufacturing Director,Male,11984,6,College,60,3.9,2,99.3,No
EMP0328,45,Research & Development,Manufacturing Director,Male,14107,13,Bachelor,36,3.2,8,96.3,No
EMP0329,32,Research & Development,Healthcare Representative,Male,2688,2,Doctorate,60,3.1,7,97.5,No
EMP0330,30,Sales,Sales Representative,Male,5483,1,Master,18,3.8,20,94.1,No
EMP0331,46,Research & Development,Senior Scientist,Female,11670,5,Below College,42,4.4,8,96.1,No
EMP0332,29,Research & Development,Healthcare Representative,Female,3762,7,Below College,29,3.3,8,96.5,No
EMP0333,44,Sales,Regional Manager,Male,11765,6,Bachelor,53,4.2,10,96.6,No
EMP0334,31,Sales,Sales Representative,Male,4308,3,Master,60,4.3,6,97.8,No
EMP0335,22,Sales,Sales Representative,Non-Binary,5822,0,Bachelor,37,2.9,17,95.7,No
EMP0336,44,Sales,Regional Manager,Male,13934,12,Bachelor,37,3.2,7,97.2,No
EMP0337,46,Research & Development,Manufacturing Director,Male,8842,8,College,60,3.2,21,93.7,No
EMP0338,48,Research & Development,Manufacturing Director,Male,7952,6,Bachelor,31,4.5,17,94,No
EMP0339,28,Research & Development,Laboratory Technician,Female,3748,5,Master,11,2,7,97.8,No
EMP0340,33,Sales,Sales Representative,Female,2500,3,Bachelor,43,2.1,12,95.3,No
EMP0341,22,Research & Development,Laboratory Technician,Male,5255,0,Master,13,2.3,10,95.8,No
EMP0342,32,Research & Development,Manufacturing Director,Male,12351,6,Doctorate,19,4.2,3,99.1,No
EMP0343,25,Sales,Sales Executive,Female,5407,2,College,60,2.8,21,92.8,No
EMP0344,23,Research & Development,Healthcare Representative,Female,5164,0,Bachelor,60,3.2,2,99.5,No
EMP0345,50,Research & Development,Senior Scientist,Male,12002,8,Bachelor,16,4.3,17,94.6,No
EMP0346,23,Research & Development,Laboratory Technician,Female,5792,0,Master,60,3,19,93.3,No
EMP0347,35,Research & Development,Manufacturing Director,Male,12825,12,Bachelor,60,3.5,6,96.6,No
EMP0348,48,Sales,Regional Manager,Male,11860,19,Bachelor,15,3.6,17,94.1,No
EMP0349,27,Research & Development,Healthcare Representative,Female,3404,4,Master,13,2.4,12,95.5,No
EMP0350,42,Research & Development,Senior Scientist,Male,14148,14,Bachelor,38,4.1,13,95.5,
EMP0351,43,Research & Development,Manufacturing Director,Female,9522,13,Master,23,3.3,18,95.2,No
EMP0352,56,Research & Development,Manufacturing Director,Male,11309,11,Bachelor,60,3.3,3,99,No
EMP0353,26,Research & Development,Laboratory Technician,Male,6075,2,College,12,2.5,6,97,No
EMP0354,31,Sales,Sales Executive,Non-Binary,2894,4,Bachelor,17,4.2,19,93.8,No
EMP0355,27,Sales,Sales Executive,Male,4139,3,Master,53,2.4,17,93.9,No
EMP0356,39,Research & Development,Manufacturing Director,Female,12438,5,Bachelor,17,4.8,17,93.8,No
EMP0357,46,Sales,Regional Manager,Male,12155,22,Master,49,4,6,96.5,No
EMP0358,45,Research & Development,Senior Scientist,Male,15457,8,Master,15,4.6,10,96.8,No
EMP0359,56,Human Resources,HR Manager,Male,12259,31,Bachelor,11,3.3,3,99.1,No
EMP0360,50,Research & Development,Senior Scientist,Female,13390,10,Doctorate,26,3.6,11,95.8,No
EMP0361,34,Research & Development,Healthcare Representative,Male,3642,6,College,31,2.3,4,97,No
EMP0362,42,Research & Development,Manufacturing Director,Female,13819,10,College,51,4.8,5,97.5,No
EMP0363,47,Research & Development,Manufacturing Director,Male,9921,5,College,18,4.3,19,94.6,No
EMP0364,37,Research & Development,Manufacturing Director,Non-Binary,12044,14,Master,59,4.7,6,97.8,Yes
EMP0365,22,Human Resources,HR Associate,Male,7228,0,Bachelor,23,2,10,97.2,No
EMP0366,31,Research & Development,Laboratory Technician,Female,3812,5,College,16,2.5,6,97.3,No
EMP0367,29,Human Resources,HR Associate,Female,5505,3,Bachelor,15,3.2,17,94.3,No
EMP0368,60,Human Resources,HR Manager,Female,10813,35,Bachelor,24,4.6,19,94.1,No
EMP0369,31,Sales,Sales Executive,Female,3877,4,Below College,60,3.2,15,95.2,Yes
EMP0370,37,Sales,Regional Manager,Female,11657,8,Master,25,3.1,14,94.6,No
EMP0371,39,Sales,Regional Manager,Female,12071,16,Master,18,4.3,18,94.1,No
EMP0372,30,Sales,Sales Representative,Male,3233,2,Bachelor,47,3.8,19,95,No
EMP0373,35,Sales,Sales Representative,Male,3660,9,Doctorate,16,2.5,16,95.2,Yes
EMP0374,24,Research & Development,Healthcare Representative,Female,4175,2,Bachelor,17,2.7,3,97.9,No
EMP0375,29,Sales,Sales Executive,Female,3437,7,Doctorate,13,3.6,2,98.7,No
EMP0376,25,Sales,Sales Executive,Female,4528,0,Bachelor,39,3.7,21,94.3,No
EMP0377,48,Research & Development,Manufacturing Director,Male,10889,22,Bachelor,60,3.6,4,97.9,No
EMP0378,56,Sales,Regional Manager,Male,13956,5,College,11,4.9,3,97.8,Yes
EMP0379,51,Research & Development,Manufacturing Director,Male,13035,5,Master,25,4.1,7,96.9,No
EMP0380,27,Sales,Sales Representative,Female,6406,0,Bachelor,14,3.6,14,96.1,No
EMP0381,28,Sales,Sales Representative,Male,5167,0,College,17,3.6,16,95.8,No
EMP0382,30,Research & Development,Senior Scientist,Male,12257,7,Below College,29,3.3,17,95.6,No
EMP0383,28,Research & Development,Laboratory Technician,Male,4716,0,Bachelor,12,3.1,19,94,No
EMP0384,41,Research & Development,Manufacturing Director,Male,12576,8,Bachelor,46,3.6,19,95,No
EMP0385,38,Research & Development,Manufacturing Director,Female,11743,9,Master,31,4.7,2,97.9,No
EMP0386,21,Research & Development,Laboratory Technician,Male,2882,0,Master,49,3.5,14,94.9,No
EMP0387,26,Sales,Sales Representative,Female,5900,1,Below College,31,3.2,7,96.7,No
EMP0388,26,Sales,Sales Representative,Male,4020,4,Master,14,2.8,18,95.4,No
EMP0389,42,Research & Development,Manufacturing Director,Male,11535,9,College,19,4.3,17,95.2,No
EMP0390,50,Research & Development,Senior Scientist,Male,10151,6,Master,16,4.3,21,93.2,No
EMP0391,22,Human Resources,HR Associate,Male,7354,0,Master,15,3.7,11,96.7,No
EMP0392,49,Research & Development,Senior Scientist,Male,11602,16,Bachelor,40,3.5,4,97,No
EMP0393,36,Research & Development,Manufacturing Director,Male,12268,5,Master,55,3.8,18,93.9,No
EMP0394,29,Research & Development,Healthcare Representative,Female,3362,5,Bachelor,60,2.5,12,96.8,Yes
EMP0395,53,Sales,Regional Manager,Male,13938,7,Bachelor,29,4.7,3,99,No
EMP0396,26,Human Resources,HR Associate,Female,4764,0,Master,60,3,12,95.8,No
EMP0397,28,Research & Development,Laboratory Technician,Female,6644,4,Bachelor,44,2.5,16,95.7,No
EMP0398,48,Research & Development,Senior Scientist,Female,12649,6,Bachelor,15,3.9,4,98.9,No
EMP0399,21,Research & Development,Laboratory Technician,Male,4116,0,Bachelor,60,2.4,15,95.1,Yes
EMP0400,34,Research & Development,Laboratory Technician,Male,3397,6,Master,12,3.2,15,96.2,No
EMP0401,24,Sales,Sales Executive,Male,4207,0,Bachelor,12,2.2,7,96.7,No
EMP0402,23,Human Resources,HR Associate,Male,4943,1,College,60,2.2,9,96.3,No
EMP0403,34,Research & Development,Manufacturing Director,Non-Binary,12313,10,Master,26,4.9,15,95.4,No
EMP0404,47,Research & Development,Manufacturing Director,Male,13350,9,Master,12,4.9,3,98.9,No
EMP0405,37,Sales,Regional Manager,Male,8530,13,College,11,3.8,19,93.3,Yes
EMP0406,52,Research & Development,Senior Scientist,Female,8277,27,College,14,4.1,11,95.3,No
EMP0407,50,Research & Development,Senior Scientist,Female,12731,25,College,12,4.8,11,95.8,No
EMP0408,38,Sales,Regional Manager,Female,12728,13,Bachelor,12,4.4,20,93.2,No
EMP0409,27,Human Resources,HR Associate,Male,4203,3,Bachelor,37,3.5,16,94,No
EMP0410,43,Sales,Regional Manager,Male,12376,20,Master,27,4.7,7,98.1,No
EMP0411,28,Sales,Sales Representative,Female,5028,4,Bachelor,55,3.1,13,95.4,No
EMP0412,51,Human Resources,HR Manager,Male,12654,17,Bachelor,27,4.6,2,98.1,No
EMP0413,39,Human Resources,HR Manager,Male,12145,8,Bachelor,60,4.5,16,95.4,No
EMP0414,33,Research & Development,Laboratory Technician,Male,3047,8,Master,10,2.9,17,94.9,No
EMP0415,29,Research & Development,Laboratory Technician,Male,3052,4,Bachelor,21,2,16,94.4,Yes
EMP0416,36,Research & Development,Healthcare Representative,Male,4350,4,Doctorate,15,2.9,14,95.3,No
EMP0417,33,Sales,Sales Executive,Male,5722,4,Bachelor,23,2.2,9,97.4,No
EMP0418,49,Sales,Regional Manager,Female,12766,10,College,22,5,5,97.7,No
EMP0419,26,Research & Development,Healthcare Representative,Female,3297,3,Bachelor,37,4.3,4,97.7,No
EMP0420,30,Research & Development,Healthcare Representative,Female,5053,7,Bachelor,39,3,8,97,Yes
EMP0421,26,Research & Development,Healthcare Representative,Male,6289,2,Bachelor,60,4.4,14,95.2,No
EMP0422,45,Research & Development,Senior Scientist,Male,13792,16,Below College,50,3.5,16,95.7,No
EMP0423,21,Sales,Sales Executive,Male,6005,0,College,15,4.3,14,95.1,No
EMP0424,31,Research & Development,Laboratory Technician,Female,7373,0,Master,25,2.6,7,97.2,No
EMP0425,47,Sales,Regional Manager,Female,8615,6,College,44,3.8,15,96,No
EMP0426,32,Research & Development,Manufacturing Director,Male,11955,7,Master,38,4.7,19,93.5,Yes
EMP0427,25,Research & Development,Healthcare Representative,Female,4524,1,Bachelor,44,2.7,13,96.3,Yes
EMP0428,26,Research & Development,Healthcare Representative,Male,2890,1,Bachelor,45,4.3,7,96.3,No
EMP0429,32,Research & Development,Healthcare Representative,Female,2500,1,Bachelor,22,3.8,21,93.3,No
EMP0430,35,Sales,Sales Representative,Female,4602,7,Bachelor,13,3.4,17,94.3,No
EMP0431,38,Sales,Regional Manager,Female,13144,6,Bachelor,34,5,2,99.4,No
EMP0432,44,Research & Development,Manufacturing Director,Female,10957,15,College,41,3.1,7,96.9,No
EMP0433,46,Research & Development,Senior Scientist,Female,12259,10,Below College,11,4.6,13,96,No
EMP0434,31,Sales,Sales Representative,Male,5928,8,Bachelor,60,3.6,16,94.2,No
EMP0435,32,Sales,Sales Executive,Female,5610,6,Bachelor,23,2.9,16,95.6,No
EMP0436,52,Research & Development,Manufacturing Director,Male,11943,9,Master,11,3.6,8,97.2,No
EMP0437,26,Sales,Sales Representative,Female,3375,0,Master,47,2.6,8,97.8,No
EMP0438,28,Research & Development,Healthcare Representative,Female,4182,2,Master,18,3.4,20,93.6,Yes
EMP0439,53,Research & Development,Senior Scientist,Female,13424,10,Master,43,4.1,5,98.3,No
EMP0440,51,Sales,Regional Manager,Male,11185,18,Bachelor,60,4.8,8,96.1,No
EMP0441,44,Sales,Regional Manager,Female,13979,15,Bachelor,50,3.4,6,97.8,No
EMP0442,28,Human Resources,HR Associate,Female,3495,3,Master,24,2.4,2,98.9,No
EMP0443,23,Research & Development,Laboratory Technician,Female,6184,0,Bachelor,60,3.9,18,94.9,Yes
EMP0444,22,Research & Development,Healthcare Representative,Male,5189,0,Bachelor,36,2.3,8,98,Yes
EMP0445,46,Research & Development,Senior Scientist,Male,12120,20,College,21,3.1,9,96.6,No
EMP0446,21,Human Resources,HR Associate,Male,4601,0,Bachelor,18,3.8,14,94.9,No
EMP0447,50,Human Resources,HR Manager,Male,15052,16,Bachelor,60,3.8,13,96.2,No
EMP0448,37,Research & Development,Laboratory Technician,Female,2500,15,Master,28,2.5,3,99,Yes
EMP0449,46,Research & Development,Manufacturing Director,Male,12486,8,Bachelor,33,3.2,6,98.4,No
EMP0450,32,Sales,Sales Executive,Non-Binary,6587,4,Bachelor,19,2.5,7,97.4,No
EMP0451,42,Research & Development,Manufacturing Director,Male,11633,10,Doctorate,24,4.5,5,98.5,No
EMP0452,58,Research & Development,Manufacturing Director,Male,10225,12,College,38,3.8,16,94.4,No
EMP0453,27,Research & Development,Healthcare Representative,Female,3427,1,Bachelor,15,3.8,19,94.4,Yes
EMP0454,39,Human Resources,HR Manager,Female,10922,7,Below College,17,3.8,7,98.1,No
EMP0455,21,Sales,Sales Representative,Male,6927,,Master,60,3.9,5,98.1,No
EMP0456,40,Research & Development,Manufacturing Director,Female,13778,13,Master,11,4.7,14,95.3,No
EMP0457,34,Sales,Sales Executive,Female,7605,8,Bachelor,59,2.6,12,96,No
EMP0458,36,Research & Development,Manufacturing Director,Male,9474,9,Master,49,3.1,15,95.4,No
EMP0459,32,Sales,Sales Executive,Non-Binary,5969,3,Bachelor,18,4,8,98,No
EMP0460,34,Sales,Sales Executive,Non-Binary,4297,12,Master,37,3.4,9,97.1,No
EMP0461,25,Sales,Sales Executive,Female,4106,0,Master,40,2.4,16,95.5,Yes
EMP0462,34,Research  Development,Laboratory Technician,Male,4939,0,Master,58,3.4,16,95.1,Yes
EMP0463,22,Research & Development,Laboratory Technician,Female,4169,0,Below College,14,3.8,3,99,No
EMP0464,33,Research & Development,Laboratory Technician,Male,4752,5,Doctorate,38,4.5,16,94,No
EMP0465,28,Human Resources,HR Associate,Male,3282,4,Master,60,2.4,10,97.1,No
EMP0466,22,Research & Development,Laboratory technician,Male,3328,0,Bachelor,18,2.4,10,96.4,No
EMP0467,26,Sales,Sales Representative,Male,5424,,Master,35,4.2,13,95.9,No
EMP0468,38,Research & Development,Manufacturing Director,Female,12514,9,Bachelor,32,4.1,21,93,No
EMP0469,28,Sales,Sales Executive,Female,5894,5,Master,22,2.8,2,98.1,No
EMP0470,44,Human Resources,HR Manager,Female,12228,6,College,11,4.1,12,95.7,No
EMP0471,34,Sales,Sales Representative,Male,4135,9,Master,20,3.1,19,93.7,Yes
EMP0472,33,Human Resources,HR Associate,Male,5183,6,Bachelor,29,2.1,4,97.6,No
EMP0473,23,Sales,Sales Executive,Male,5424,0,Below College,13,3.3,2,98.7,No
EMP0474,21,Research & Development,Laboratory Technician,Non-Binary,3299,0,College,22,2.9,7,97,Yes
EMP0475,55,Research & Development,Senior Scientist,Male,15218,25,Below College,28,4.5,15,95.9,No
EMP0476,30,Human Resources,HR Manager,Female,12385,7,Bachelor,22,3.9,20,93.4,Yes
EMP0477,55,Sales,Regional Manager,Female,12120,32,Bachelor,21,4.3,20,93.4,No
EMP0478,39,Research & Development,Senior Scientist,Male,8852,7,Bachelor,60,4.2,4,98.1,No
EMP0479,50,Human Resources,HR Manager,Female,11184,14,Bachelor,15,3.4,9,96.3,Yes
EMP0480,24,Research & Development,Laboratory Technician,Male,3244,1,Bachelor,60,4.4,7,98,No
EMP0481,21,Research & Development,Healthcare Representative,Female,5433,0,Master,22,4.3,3,98.3,Yes
EMP0482,36,Research & Development,Senior Scientist,Female,11156,6,Below College,35,3.1,4,97.5,No
EMP0483,47,Research & Development,Senior Scientist,Male,12719,14,Master,60,3.8,12,95.1,No
EMP0484,42,Research & Development,Manufacturing Director,Male,9747,18,Master,23,4.2,13,95,No
EMP0485,56,Research & Development,Senior Scientist,Female,14279,6,Bachelor,36,3.8,14,95.1,No
EMP0486,44,Human Resources,HR Manager,Female,10278,7,Bachelor,26,4.9,3,98.3,No
EMP0487,32,Sales,Sales Executive,Male,7318,0,Master,18,2.2,14,95.1,No
EMP0488,29,Sales,Sales Executive,Female,4258,0,College,60,3.2,15,95.2,No
EMP0489,28,Human Resources,HR Associate,Female,2500,2,Below College,60,4.4,19,94.7,Yes
EMP0490,39,Research & Development,Manufacturing Director,Female,11585,5,College,35,4.2,13,95.9,No
EMP0491,23,Research & Development,Laboratory Technician,Male,4070,1,Master,41,3.3,15,95.6,No
EMP0492,22,Research & Development,Laboratory Technician,Female,2500,0,Below College,60,2.1,16,95.3,No
EMP0493,28,Sales,Sales Executive,Female,5374,4,Bachelor,20,4.3,16,95.5,No
EMP0494,48,Sales,Regional Manager,Male,13253,12,Doctorate,29,3.8,6,98.3,No
EMP0495,31,Research & Development,Laboratory Technician,Male,3762,2,Master,27,2.5,17,95.3,Yes
EMP0496,26,Research & Development,Healthcare Representative,Non-Binary,4910,3,Bachelor,58,2.8,14,95.3,No
EMP0497,31,Research & Development,Healthcare Representative,Male,6232,0,Below College,51,2,5,97.6,No
EMP0498,41,Sales,Regional Manager,Female,13459,11,Master,37,4.1,13,95.6,No
EMP0499,35,Human Resources,HR Associate,Male,3612,0,Bachelor,26,2.5,9,96.1,No
EMP0500,21,Human Resources,HR Associate,Male,2500,0,College,17,4,2,98.7,No
EMP0501,38,Research & Development,Healthcare Representative,Female,4776,13,Below College,32,2.3,20,94.2,Yes
EMP0502,42,Research & Development,Manufacturing Director,Male,9754,11,Master,11,4.2,11,95.6,No
EMP0503,50,Sales,Regional Manager,Female,16072,21,Bachelor,46,3.7,16,95.1,No
EMP0504,21,Research & Development,Healthcare Representative,Male,5637,0,Master,60,2.2,2,99.2,Yes
EMP0505,32,Research & Development,Healthcare Representative,Female,3918,7,Master,60,2.7,13,96.3,No
EMP0506,25,Sales,Sales Executive,Male,3329,1,Bachelor,28,3.7,8,96.6,Yes
EMP0507,21,Human Resources,HR Associate,Male,4045,0,Bachelor,50,4.3,10,97.5,No
EMP0508,33,Research & Development,Healthcare Representative,Non-Binary,4611,4,Bachelor,11,3.2,18,94.5,No
EMP0509,43,Human Resources,HR Manager,Male,8441,15,Bachelor,26,3.3,11,95.4,No
EMP0510,23,Research & Development,Healthcare Representative,Female,4940,1,Bachelor,47,2.3,21,94.7,No
EMP0511,24,Research & Development,Healthcare Representative,Male,5348,1,Master,46,3.5,2,99,No
EMP0512,49,Research & Development,Manufacturing Director,Female,10880,16,Bachelor,19,3.9,6,97,No
EMP0513,53,Human Resources,HR Manager,Male,13877,23,Master,59,3.1,7,96.7,No
EMP0514,33,Research & Development,Laboratory Technician,Non-Binary,4446,4,Bachelor,12,3.9,14,94.5,No
EMP0515,25,Sales,Sales Executive,Male,3543,1,Bachelor,25,3.2,3,98.5,No
EMP0516,31,Sales,Sales Executive,Male,5455,8,Bachelor,17,4.2,6,97,No
EMP0517,49,Research & Development,Manufacturing Director,Male,14708,24,Bachelor,60,3.2,20,94.6,No
EMP0518,25,Research & Development,Healthcare Representative,Male,6289,3,Master,60,4.3,14,95.5,No
EMP0519,47,Human Resources,HR Manager,Female,12090,13,College,60,4.1,10,96.4,No
EMP0520,24,Sales,Sales Executive,Male,4631,2,Bachelor,60,2.7,4,97.6,No
EMP0521,34,Research & Development,Laboratory Technician,Female,4182,11,College,28,2.3,6,98.4,No
EMP0522,21,Research & Development,Healthcare Representative,Male,4662,0,Bachelor,54,3.1,15,94.4,No
EMP0523,41,Human Resources,HR Manager,Male,14164,16,Bachelor,19,3.8,6,98.1,No
EMP0524,50,Research & Development,Manufacturing Director,Female,11741,7,Bachelor,13,3.2,11,96.4,No
EMP0525,54,Research & Development,Manufacturing Director,Female,11216,31,Doctorate,11,4.3,14,96.2,No
EMP0526,29,Research & Development,Healthcare Representative,Male,4806,7,Bachelor,30,4.4,13,95.3,No
EMP0527,28,Research & Development,Laboratory Technician,Male,3829,4,Master,36,4.2,12,96.3,No
EMP0528,21,Sales,Sales Representative,Male,3885,0,Bachelor,60,2.1,4,97.6,Yes
EMP0529,21,Sales,Sales Representative,Female,4809,0,Bachelor,60,2.2,17,94.4,Yes
EMP0530,42,Research & Development,Senior Scientist,Female,12997,14,Below College,15,3.8,20,94.6,No
EMP0531,43,Research & Development,Manufacturing Director,Male,11566,14,Bachelor,15,4.1,4,98,No
EMP0532,45,Human Resources,HR Manager,Female,9683,19,Bachelor,23,3.7,12,96.5,No
EMP0533,51,Human Resources,HR Manager,Female,13387,18,Bachelor,10,4.3,17,94.7,No
EMP0534,39,Research & Development,Senior Scientist,Female,13060,13,Below College,16,4.4,2,98.2,No
EMP0535,31,Research & Development,Manufacturing Director,Female,11277,6,College,15,4.2,17,94.4,No
EMP0536,46,Human Resources,HR Manager,Male,10316,7,Bachelor,28,3.2,21,94.2,No
EMP0537,21,Research & Development,Healthcare Representative,Male,4181,0,Doctorate,39,3.4,12,96.4,No
EMP0538,41,Sales,Regional Manager,Male,8651,14,Bachelor,51,3,16,94.9,No
EMP0539,38,Research & Development,Senior Scientist,Male,13641,5,Bachelor,31,4.4,6,97.3,No
EMP0540,36,Sales,Regional Manager,Female,15731,9,College,53,3.5,21,93.7,No
EMP0541,26,Human Resources,HR Associate,Female,4303,3,Bachelor,15,3.1,21,93.8,No
EMP0542,29,Research & Development,Laboratory Technician,Male,5275,1,Bachelor,24,2.5,13,95.1,No
EMP0543,40,Sales,Regional Manager,Male,10146,6,College,11,4.3,15,94.7,No
EMP0544,47,Research & Development,Senior Scientist,Male,15535,10,Bachelor,13,4.3,10,96.6,No
EMP0545,21,Research & Development,Healthcare Representative,Female,6506,0,Below College,26,2.6,15,95,Yes
EMP0546,36,Research & Development,Senior Scientist,Male,8959,12,Below College,33,4.3,2,98.9,No
EMP0547,45,Sales,Regional Manager,Female,14183,12,College,37,4,11,96.2,Yes
EMP0548,23,Research & Development,Healthcare Representative,Male,4034,0,Below College,22,3.2,2,97.7,No
EMP0549,52,Research & Development,Senior Scientist,Male,12812,7,College,20,3.8,19,94.8,No
EMP0550,26,Research & Development,Laboratory Technician,Non-Binary,5083,3,Bachelor,54,3.4,2,98.9,No
EMP0551,44,Research & Development,Manufacturing Director,Non-Binary,13215,10,Master,60,4.2,21,94.3,No
EMP0552,46,Research & Development,Senior Scientist,Male,10205,20,Bachelor,16,3.6,11,95.7,No
EMP0553,60,Research & Development,Manufacturing Director,Female,12556,29,Bachelor,33,3.7,2,99,No
EMP0554,42,Research & Development,Manufacturing Director,Female,11594,6,Bachelor,27,3.4,8,97.6,No
EMP0555,21,Research & Development,Laboratory Technician,Female,3987,0,Master,60,3.5,11,95.3,No
EMP0556,31,Research & Development,Laboratory Technician,Male,3866,7,Bachelor,23,4.4,5,97,No
EMP0557,21,Sales,Sales Representative,Female,4239,0,Below College,51,3.3,15,94.9,Yes
EMP0558,23,Sales,Sales Representative,Male,2640,0,Bachelor,18,4.1,3,98.5,No
EMP0559,38,Research & Development,Manufacturing Director,Female,14118,9,College,60,3.4,12,95.2,No
EMP0560,53,Research & Development,Senior Scientist,Male,10341,22,Bachelor,26,4.4,14,95.7,No
EMP0561,22,Research & Development,Healthcare Representative,Male,7037,0,Bachelor,57,2.1,18,95.3,No
EMP0562,21,Sales,Sales Representative,Male,3765,0,Master,14,2.8,19,94.1,No
EMP0563,29,Sales,Sales Executive,Female,4775,6,Bachelor,50,4.2,15,95.6,No
EMP0564,27,Sales,Sales Representative,Male,5976,0,Master,11,3.6,6,96.6,No
EMP0565,41,Research & Development,Senior Scientist,Female,12546,15,Doctorate,38,3.7,13,96.5,No
EMP0566,27,Research & Development,Laboratory Technician,Non-Binary,6490,3,College,60,2.8,15,94.5,No
EMP0567,41,Research & Development,Manufacturing Director,Male,12307,5,Bachelor,20,3.9,3,98.5,No
EMP0568,45,Research & Development,Manufacturing Director,Female,15926,8,Bachelor,32,3.6,19,95,Yes
EMP0569,30,Human Resources,HR Associate,Male,5119,1,Bachelor,41,2.3,10,96.2,Yes
EMP0570,45,Sales,Regional Manager,Female,15065,11,Bachelor,35,3.6,3,97.6,No
EMP0571,29,Research & Development,Laboratory Technician,Male,6300,7,Master,28,3.3,11,95.8,No
EMP0572,29,Research & Development,Laboratory Technician,Female,4326,1,Master,30,3.4,4,98.8,No
EMP0573,30,Research & Development,Healthcare Representative,Female,3164,6,Bachelor,43,3.4,20,93.2,No
EMP0574,23,Research & Development,Laboratory Technician,Female,6584,1,Bachelor,18,2.9,2,99.3,Yes
EMP0575,25,Research & Development,Healthcare Representative,Female,4328,0,Master,45,3.4,20,95,Yes
EMP0576,21,Human Resources,HR Associate,Male,3711,0,Doctorate,60,2.2,7,96.4,Yes
EMP0577,27,Sales,Sales Representative,Female,3777,1,Master,30,2.3,3,99,Yes
EMP0578,26,Human Resources,HR Associate,Female,6694,4,Below College,60,2.4,10,95.9,Yes
EMP0579,49,Research & Development,Manufacturing Director,Female,17513,20,Bachelor,14,4.2,13,96.4,No
EMP0580,59,Sales,Regional Manager,Male,10278,10,Below College,19,4.5,2,99.2,No
EMP0581,43,Research & Development,Senior Scientist,Female,9937,8,Bachelor,17,4.5,19,93.5,No
EMP0582,28,Human Resources,HR Associate,Female,3556,6,Below College,60,4.2,19,94.7,No
EMP0583,21,Research & Development,Laboratory Technician,Female,5975,0,Bachelor,18,4.1,6,97.8,Yes
EMP0584,53,Sales,Regional Manager,Male,13404,16,Bachelor,35,4.9,5,97,Yes
EMP0585,40,Research & Development,Senior Scientist,Female,8825,16,College,38,4,20,94.5,No
EMP0586,34,Sales,Sales Executive,Male,5538,0,Bachelor,14,4.3,13,96.4,No
EMP0587,40,Sales,Regional Manager,Female,11310,6,Bachelor,58,4.4,13,95.1,No
EMP0588,36,Sales,Regional Manager,Male,11248,9,Bachelor,60,3.5,12,95.9,No
EMP0589,36,Sales,Sales Representative,Female,4907,8,College,60,4.1,12,96.3,No
EMP0590,23,Sales,Sales Representative,Non-Binary,4200,1,Bachelor,28,2.1,16,95.1,No
EMP0591,27,Sales,Sales Executive,Male,5986,2,Master,42,2.6,12,96.1,No
EMP0592,47,Research & Development,Senior Scientist,Non-Binary,11277,5,Below College,13,4.8,11,95.9,No
EMP0593,30,Sales,Regional Manager,Male,11701,6,Below College,13,3.5,12,96.2,No
EMP0594,25,Sales,Sales Executive,Female,3183,1,Bachelor,55,2,12,95.5,Yes
EMP0595,39,Research & Development,Laboratory Technician,Female,6740,11,Master,36,3,21,93.9,No
EMP0596,50,Research & Development,Manufacturing Director,Female,12251,7,Bachelor,15,4.6,12,95.1,No
EMP0597,45,Research & Development,Manufacturing Director,Female,9606,19,Bachelor,26,3.9,8,96.6,No
EMP0598,34,Sales,Regional Manager,Female,8813,7,Bachelor,45,4.6,13,96.7,No
EMP0599,30,Sales,Sales Representative,Male,5757,6,Bachelor,38,3.1,18,95,No
EMP0600,58,Sales,Regional Manager,Male,11174,8,Below College,60,3.9,21,94.1,No
EMP0601,41,Sales,Regional Manager,Female,12995,16,Bachelor,32,4.5,16,95.5,Yes
EMP0602,56,Sales,Regional Manager,Female,13676,11,Master,60,3.3,14,95.3,No
EMP0603,37,Sales,Regional Manager,Female,14601,6,Bachelor,39,3.2,7,96.5,No
EMP0604,31,Sales,Sales Executive,Female,3570,5,Master,60,2.7,13,96.7,No
EMP0605,31,Sales,Sales Executive,Male,4684,2,Master,17,2.2,4,97.2,No
EMP0606,22,Research & Development,Laboratory Technician,Female,2500,0,College,50,2.7,6,98.1,No
EMP0607,32,Sales,Sales Executive,Male,3924,3,Master,13,3.6,13,95.5,No
EMP0608,39,Research & Development,Manufacturing Director,Female,10640,10,Below College,12,4.8,19,93.9,Yes
EMP0609,43,Research & Development,Manufacturing Director,Male,10259,5,Bachelor,12,4.6,3,97.6,No
EMP0610,30,Research & Development,Laboratory Technician,Male,2500,3,College,50,2.8,11,95.8,No
EMP0611,47,Sales,Regional Manager,Male,12914,13,Below College,23,3.5,6,98.5,No
EMP0612,25,Research & Development,Healthcare Representative,Male,5847,2,Bachelor,12,2.6,15,94.7,No
EMP0613,45,Research & Development,Manufacturing Director,Female,11909,22,Bachelor,11,3.5,16,95.8,No
EMP0614,27,Sales,Sales Representative,Male,4301,5,Bachelor,50,3.7,2,98.8,No
EMP0615,41,Research & Development,Laboratory Technician,Male,3254,12,Bachelor,60,2.6,6,98.2,Yes
EMP0616,25,Human Resources,HR Associate,Male,2500,2,Below College,23,3.1,3,97.9,No
EMP0617,36,Sales,Sales Executive,Male,4982,7,College,60,4.3,18,93.9,No
EMP0618,33,Sales,Sales Representative,Male,6029,11,Bachelor,11,3.8,5,98.3,No
EMP0619,47,Research & Development,Senior Scientist,Male,12129,15,Bachelor,12,4.8,2,99,No
EMP0620,41,Research & Development,Senior Scientist,Female,11746,16,Master,15,4.2,5,97.3,No
EMP0621,29,Sales,Sales Executive,Female,4038,0,Bachelor,20,3.2,3,97.8,No
EMP0622,21,Sales,Sales Executive,Female,4812,0,Master,36,2.3,14,96,No
EMP0623,49,Research & Development,Senior Scientist,Male,10588,18,Bachelor,21,4.9,6,97.9,No
EMP0624,21,Research & Development,Laboratory Technician,Male,4897,0,Bachelor,35,3.8,7,97.1,No
EMP0625,47,Research & Development,Manufacturing Director,Female,11541,11,Bachelor,29,3.5,5,98.5,No
EMP0626,44,Research & Development,Senior Scientist,Female,15760,19,Bachelor,38,3.3,20,94.7,No
EMP0627,35,Research & Development,Laboratory Technician,Male,5955,2,Bachelor,36,2.6,7,96.3,No
EMP0628,24,Research & Development,Healthcare Representative,Male,3946,0,Master,28,4.3,11,97.2,Yes
EMP0629,22,Sales,Sales Executive,Male,3757,0,Bachelor,38,2.8,17,95.6,Yes
EMP0630,53,Sales,Regional Manager,Male,11025,16,Master,25,4.9,8,97.7,No
EMP0631,40,Research & Development,Senior Scientist,Male,14746,6,Master,60,4.4,11,95.4,No
EMP0632,49,Research & Development,Manufacturing Director,Female,7944,12,Master,32,3.3,7,98.2,No
EMP0633,30,Research & Development,Healthcare Representative,Female,6085,0,Master,40,3.4,6,98.3,Yes
EMP0634,32,Research & Development,Healthcare Representative,Female,5918,0,Bachelor,20,3,6,97.8,No
EMP0635,51,Sales,Regional Manager,Female,11483,11,Bachelor,33,5,13,96.7,No
EMP0636,36,Research & Development,Healthcare Representative,Female,6322,7,Bachelor,11,4,15,95.3,No
EMP0637,36,Research & Development,Laboratory Technician,Female,4673,7,Bachelor,22,3.1,2,99.1,No
EMP0638,42,Sales,Regional Manager,Female,13614,13,Bachelor,24,4.7,11,97.1,No
EMP0639,35,Sales,Sales Executive,Male,4118,1,Master,55,3.3,4,97.1,No
EMP0640,47,Research & Development,Manufacturing Director,Male,13102,10,Bachelor,16,4.4,13,95.6,No
EMP0641,39,Sales,Regional Manager,Male,8403,11,Bachelor,17,4,14,94.8,No
EMP0642,40,Sales,Regional Manager,Female,11604,7,College,12,3.1,9,96.7,No
EMP0643,27,Sales,Sales Representative,Female,4645,5,Bachelor,25,4.2,7,97.4,No
EMP0644,27,Sales,Sales Executive,Male,6265,5,College,25,3.2,12,96.7,No
EMP0645,48,Sales,Regional Manager,Female,11856,22,Master,45,4,7,97.6,No
EMP0646,26,Research & Development,Laboratory Technician,Male,4794,1,Bachelor,28,3.1,3,97.9,No
EMP0647,23,Research & Development,Laboratory Technician,Female,4823,0,College,22,3.1,16,94.9,No
EMP0648,41,Research & Development,Manufacturing Director,Male,10784,13,Below College,28,3.8,14,95.3,No
EMP0649,27,Research & Development,Laboratory Technician,Male,2500,5,Bachelor,32,2.8,20,93.1,No
EMP0650,49,Research & Development,Senior Scientist,Male,13925,17,Bachelor,58,3.9,6,97.5,No
EMP0651,25,Sales,Sales Representative,Male,5689,3,Bachelor,23,4.1,19,94.2,No
EMP0652,31,Research & Development,Laboratory Technician,Male,5418,9,Below College,19,4.2,12,95.5,No
EMP0653,39,Research & Development,Laboratory Technician,Male,3943,16,Bachelor,48,3,9,97.5,No
EMP0654,44,Research & Development,Senior Scientist,Female,8512,12,Bachelor,20,3.4,21,93.9,No
EMP0655,28,Research & Development,Laboratory Technician,Female,3716,1,Bachelor,17,3.5,15,94.5,Yes
EMP0656,24,Sales,Sales Executive,Male,4905,2,Bachelor,60,3.1,16,94.7,No
EMP0657,31,Sales,Sales Representative,Female,3542,6,Bachelor,29,3.9,15,94.3,No
EMP0658,32,Research & Development,Healthcare Representative,Female,2627,10,College,10,2.2,17,94.9,Yes
EMP0659,50,Research & Development,Senior Scientist,Male,14352,17,Doctorate,14,4.6,14,96,No
EMP0660,27,Research & Development,Healthcare Representative,Male,4468,0,Bachelor,10,3.9,13,96.6,No
EMP0661,31,Research & Development,Laboratory Technician,Male,4438,1,Bachelor,60,4.4,2,99.2,No
EMP0662,57,Human Resources,HR Manager,Male,14120,32,College,39,4.3,7,98.2,No
EMP0663,44,Research & Development,Manufacturing Director,Female,14008,19,Bachelor,14,3.1,19,94.7,No
EMP0664,21,Sales,Sales Representative,Male,2820,0,Below College,29,3.1,17,94.4,No
EMP0665,33,Sales,Sales Representative,Female,6214,10,Bachelor,30,2,10,96.3,Yes
EMP0666,32,Sales,Sales Representative,Female,5982,8,Doctorate,59,2.3,9,97,No
EMP0667,36,Sales,Regional Manager,Male,8879,5,Bachelor,12,4.8,18,94.7,No
EMP0668,36,Sales,Regional Manager,Female,10164,7,Below College,23,4.3,10,96.2,No
EMP0669,42,Sales,Regional Manager,Male,11553,12,Below College,15,3.6,17,94.9,No
EMP0670,48,Sales,Regional Manager,Non-Binary,11154,6,Bachelor,14,4.4,6,97.9,No
EMP0671,30,Sales,Sales Executive,Male,4845,1,College,25,3.2,3,97.7,No
EMP0672,23,Research & Development,Healthcare Representative,Female,3972,1,Below College,36,3.5,14,95.4,No
EMP0673,21,Sales,Sales Representative,Female,2500,0,Master,44,3.2,11,95.5,No
EMP0674,38,Research & Development,Manufacturing Director,Male,13644,12,Bachelor,23,4.8,2,98.4,No
EMP0675,45,Research & Development,Manufacturing Director,Female,9327,20,Bachelor,33,3,8,97.1,No
EMP0676,35,Human Resources,HR Manager,Female,10604,11,Master,25,4.6,16,94.2,No
EMP0677,34,Sales,Sales Representative,Female,2500,7,College,19,3.2,17,95.6,No
EMP0678,52,Research & Development,Senior Scientist,Female,13369,29,Doctorate,12,4,5,97.7,No
EMP0679,44,Human Resources,HR Manager,Female,13248,21,Bachelor,60,3,20,93.9,No
EMP0680,47,Research & Development,Manufacturing Director,Male,9946,5,Master,16,3.1,16,95,No
EMP0681,27,Research & Development,Healthcare Representative,Male,2950,3,Bachelor,22,2.4,21,92.8,No
EMP0682,54,Sales,Regional Manager,Female,10189,16,Master,19,4.3,8,97.6,No
EMP0683,40,Sales,Sales Representative,Male,5024,18,Doctorate,25,3.5,4,98.1,No
EMP0684,38,Research & Development,Manufacturing Director,Female,10490,7,Bachelor,44,4,16,94.7,No
EMP0685,24,Human Resources,HR Associate,Female,5578,1,Doctorate,60,3.1,9,97.6,Yes
EMP0686,44,Research & Development,Senior Scientist,Male,14061,10,Bachelor,16,4.5,2,97.6,No
EMP0687,21,Research & Development,Healthcare Representative,Male,3953,0,Bachelor,14,2.7,9,96.1,No
EMP0688,27,Sales,Sales Representative,Female,4752,0,Bachelor,32,2.2,4,98.2,No
EMP0689,53,Research & Development,Manufacturing Director,Male,13228,17,Bachelor,40,4.9,13,96.4,No
EMP0690,25,Sales,Sales Executive,Female,5769,0,College,43,3,17,94.3,Yes
EMP0691,32,Sales,Sales Executive,Male,4566,1,Bachelor,49,4,14,96,No
EMP0692,23,Research & Development,Healthcare Representative,Female,3431,1,Bachelor,60,3,17,93.8,Yes
EMP0693,41,Research & Development,Senior Scientist,Male,14428,16,Master,14,3.6,20,94.1,Yes
EMP0694,25,Sales,Sales Executive,Female,4776,2,Master,11,4.2,7,97,No
EMP0695,21,Sales,Sales Executive,Male,4590,0,Bachelor,26,3.9,7,97.3,No
EMP0696,40,Research & Development,Manufacturing Director,Female,13925,7,Bachelor,14,4,17,95.3,No
EMP0697,45,Sales,Regional Manager,Male,11194,10,Bachelor,45,3.2,8,96.8,No
EMP0698,21,Research & Development,Laboratory Technician,Female,5623,0,College,13,3.8,17,94.4,No
EMP0699,29,Sales,Sales Executive,Female,5881,0,Below College,10,3.6,19,93.4,Yes
EMP0700,32,Research & Development,Healthcare Representative,Male,3725,8,Bachelor,18,2.9,5,98.3,No
EMP0701,43,Research & Development,Senior Scientist,Male,11534,13,Bachelor,36,5,11,95.4,No
EMP0702,45,Sales,Regional Manager,Male,11970,12,Doctorate,12,4.2,8,97.5,No
EMP0703,24,Sales,Sales Executive,Female,6551,1,Bachelor,20,3.6,4,97.6,No
EMP0704,22,Sales,Sales Executive,Female,2715,0,Bachelor,24,3.5,2,97.7,No
EMP0705,21,Sales,Sales Executive,Female,2860,0,Bachelor,14,3,13,96.7,Yes
EMP0706,21,Human Resources,HR Associate,Male,4876,0,College,10,2.8,19,94,No
EMP0707,24,Sales,Sales Executive,Male,4901,0,Bachelor,15,3.1,15,94.6,Yes
EMP0708,58,Research & Development,Manufacturing Director,Female,6548,30,Bachelor,31,3.9,17,94,No
EMP0709,26,Sales,Sales Representative,Male,4881,2,Bachelor,14,3.5,12,96.2,No
EMP0710,44,Research & Development,Manufacturing Director,Non-Binary,11557,7,Bachelor,11,4.6,9,97,No
EMP0711,32,Research & Development,Healthcare Representative,Male,3797,2,Doctorate,53,2.5,14,96,No
EMP0712,38,Research & Development,Senior Scientist,Female,11284,13,Master,60,4.5,3,98,No
EMP0713,51,Research & Development,Manufacturing Director,Male,10726,9,Bachelor,36,4.3,18,94.3,No
EMP0714,53,Research & Development,Manufacturing Director,Male,7629,22,Bachelor,22,4.2,21,94.4,No
EMP0715,22,Sales,Sales Executive,Female,6265,0,Bachelor,47,3.9,11,96.1,Yes
EMP0716,50,Human Resources,HR Manager,Female,13018,20,College,25,4,20,93.6,No
EMP0717,45,Research & Development,Senior Scientist,Non-Binary,8227,7,Bachelor,12,5,6,98.4,No
EMP0718,37,Human Resources,HR Associate,Male,3321,5,Below College,31,2.8,6,97.3,No
EMP0719,38,Sales,Sales Executive,Male,3860,15,Bachelor,46,2.2,7,96.6,Yes
EMP0720,33,Research & Development,Healthcare Representative,Female,5266,1,Bachelor,12,3.3,3,98.1,Yes
EMP0721,23,Human Resources,HR Associate,Female,3518,1,College,28,2.1,19,95,No
EMP0722,26,Sales,Sales Representative,Male,3198,2,Doctorate,37,3,5,96.8,No
EMP0723,48,Sales,Regional Manager,Male,11664,19,Master,31,3.6,16,94.3,No
EMP0724,40,Research & Development,Senior Scientist,Male,13121,15,Master,60,3.6,10,95.8,No
EMP0725,30,Research & Development,Laboratory Technician,Female,2500,3,Bachelor,48,3.9,16,94.6,Yes
EMP0726,31,Research & Development,Healthcare Representative,Male,5290,7,Master,43,3.1,14,94.8,No
EMP0727,37,Sales,Regional Manager,Male,15977,5,College,40,4,16,95.8,No
EMP0728,33,Research & Development,Laboratory Technician,Male,2500,9,Master,41,2.8,7,97.5,No
EMP0729,25,Sales,Sales Representative,Male,5264,2,College,28,4.4,8,97.5,Yes
EMP0730,59,Sales,Regional Manager,Male,10850,36,Master,59,4.9,3,98.5,No
EMP0731,43,Sales,Regional Manager,Female,13727,20,Bachelor,32,3.8,21,94.3,No
EMP0732,34,Research & Development,Senior Scientist,Male,12313,10,Master,37,4.1,19,93.7,No
EMP0733,37,Research & Development,Senior Scientist,Female,11186,14,Master,43,4,4,98.2,No
EMP0734,33,Research & Development,Laboratory Technician,Male,2500,6,College,13,3.2,2,98.2,No
EMP0735,28,Research & Development,Laboratory Technician,Female,5294,4,Bachelor,60,3,19,93.4,No
EMP0736,26,Research & Development,Laboratory Technician,Female,4833,1,Doctorate,17,2.7,6,98.4,No
EMP0737,23,Research & Development,Laboratory Technician,Female,3728,0,Bachelor,30,4,17,95.7,Yes
EMP0738,29,Research & Development,Laboratory Technician,Female,3615,5,Master,42,3.8,6,97.9,No
EMP0739,49,Research & Development,Senior Scientist,Male,15639,25,Bachelor,32,3.9,17,94.7,No
EMP0740,56,Research & Development,Manufacturing Director,Male,12023,27,Bachelor,60,4.2,10,95.9,Yes
EMP0741,32,Research & Development,Healthcare Representative,Female,4594,9,Bachelor,12,2.3,4,98.2,No
EMP0742,28,Sales,Sales Executive,Non-Binary,2500,3,College,17,3.1,11,97.1,No
EMP0743,36,Research & Development,Healthcare Representative,Female,4103,5,Master,12,2,13,96.1,No
EMP0744,22,Research & Development,Healthcare Representative,Female,4551,0,Bachelor,15,3.1,6,98.1,No
EMP0745,40,Sales,Regional Manager,Female,9882,15,Bachelor,16,3.7,20,93,No
EMP0746,47,Research & Development,Senior Scientist,Male,5910,18,Bachelor,51,4.3,20,94.4,No
EMP0747,38,Research & Development,Senior Scientist,Male,10618,12,Bachelor,16,4.5,15,94.8,No
EMP0748,36,Research & Development,Senior Scientist,Female,13738,13,Master,28,4.8,6,97.1,No
EMP0749,47,Human Resources,HR Manager,Female,14022,17,Doctorate,34,3.9,19,94.2,No
EMP0750,35,Research & Development,Manufacturing Director,Male,16164,10,Bachelor,10,4.3,4,97.1,No
EMP0751,34,Sales,Sales Representative,Female,4479,6,Master,13,3.9,3,97.8,No
EMP0752,23,Human Resources,HR Associate,Male,2959,1,Master,60,3.4,12,95.4,No
EMP0753,21,Research & Development,Healthcare Representative,Female,3611,0,Bachelor,60,3.2,4,98.6,No
EMP0754,26,Sales,Sales Executive,Male,4930,4,Doctorate,21,2.9,2,98.6,No
EMP0755,35,Sales,Sales Representative,Male,3508,2,College,39,3.5,12,95.7,No
EMP0756,21,Research & Development,Laboratory Technician,Female,3836,0,College,60,3.5,17,94.9,No
EMP0757,43,Research & Development,Senior Scientist,Male,12628,6,Master,55,4.6,13,96.4,No
EMP0758,52,Research & Development,Manufacturing Director,Female,12156,15,Bachelor,18,3.4,20,93.4,No
EMP0759,29,Research & Development,Laboratory Technician,Female,6138,6,Master,11,2.5,14,94.9,No
EMP0760,40,Research & Development,Senior Scientist,Female,15331,16,Master,10,3.6,10,96.3,No
EMP0761,30,Sales,Sales Executive,Male,5750,3,Below College,31,2.2,8,98,Yes
EMP0762,28,Sales,Sales Representative,Male,3197,2,Master,56,2.5,18,94.9,Yes
EMP0763,29,Sales,Sales Executive,Male,2631,1,Bachelor,14,3.3,21,93.2,Yes
EMP0764,29,Research & Development,Laboratory Technician,Non-Binary,5437,6,Bachelor,54,2.4,8,96.2,No
EMP0765,50,Sales,Regional Manager,Female,16112,6,Bachelor,60,3.5,12,95.6,No
EMP0766,30,Research & Development,Laboratory Technician,Female,2591,6,Master,14,2.4,17,95.4,Yes
EMP0767,45,Research & Development,Manufacturing Director,Female,11656,15,Below College,14,3.3,5,97,No
EMP0768,47,Research & Development,Senior Scientist,Female,11411,10,Bachelor,60,3.8,18,93.5,Yes
EMP0769,34,Sales,Sales Executive,Female,4432,12,Bachelor,60,4.3,14,95.8,No
EMP0770,50,Research & Development,Senior Scientist,Male,8650,19,Master,12,3.8,19,95,Yes
EMP0771,39,Sales,Sales Executive,Female,4564,5,Bachelor,14,3.8,6,97.3,No
EMP0772,36,Research & Development,Healthcare Representative,Male,4646,8,College,21,4.3,7,97.9,Yes
EMP0773,23,Sales,Sales Representative,Female,3901,1,Bachelor,11,3.3,18,94.3,Yes
EMP0774,36,Research & Development,Manufacturing Director,Female,13707,6,Bachelor,26,3.5,16,94.1,No
EMP0775,25,Research & Development,Laboratory Technician,Female,2500,3,Master,21,2.4,3,99.1,No
EMP0776,24,Sales,Sales Representative,Male,3642,0,Bachelor,37,3.5,10,97.4,No
EMP0777,40,Sales,Regional Manager,Male,10123,15,College,11,3.3,6,98.2,Yes
EMP0778,38,Research & Development,Manufacturing Director,Male,14528,8,Doctorate,17,4.9,2,99.3,No
EMP0779,29,Research & Development,Laboratory Technician,Male,4811,6,Below College,17,3.5,13,96.7,No
EMP0780,52,Research & Development,Senior Scientist,Male,11969,15,Doctorate,11,3.2,13,96,No
EMP0781,42,Research & Development,Manufacturing Director,Female,10670,7,Bachelor,22,4.9,4,98.7,No
EMP0782,40,Research & Development,Manufacturing Director,Female,11739,11,Master,46,3.9,14,95.5,No
EMP0783,21,Sales,Sales Executive,Male,3722,0,Bachelor,20,3.2,12,96.2,Yes
EMP0784,41,Sales,Regional Manager,Male,13402,11,Below College,53,3.7,5,97.8,No
EMP0785,27,Sales,Sales Executive,Male,5866,2,Master,60,3.1,3,97.5,No
EMP0786,35,Human Resources,HR Manager,Female,10856,8,Master,22,4.8,4,97.4,No
EMP0787,27,Research & Development,Laboratory Technician,Female,3889,0,Master,12,3.7,12,95.2,Yes
EMP0788,26,Research & Development,Laboratory Technician,Female,4441,2,College,19,3.3,13,95.7,No
EMP0789,28,Research & Development,Healthcare Representative,Male,6294,4,Master,18,2.5,9,95.8,No
EMP0790,41,Human Resources,HR Associate,Non-Binary,5513,18,Master,35,2.5,3,98.7,No
EMP0791,52,Sales,Regional Manager,Female,8641,7,Bachelor,23,3.1,2,98.1,No
EMP0792,37,Research & Development,Healthcare Representative,Male,4693,10,Master,23,3.1,3,97.4,No
EMP0793,21,Research & Development,Healthcare Representative,Female,4172,0,Master,60,2.2,14,94.6,No
EMP0794,39,Research & Development,Senior Scientist,Male,8977,15,Bachelor,24,4.9,14,95.9,No
EMP0795,21,Sales,Sales Executive,Female,4853,0,Below College,51,3.3,2,99.1,No
EMP0796,41,Research & Development,Senior Scientist,Male,14233,7,Bachelor,24,3,11,96.3,No
EMP0797,42,Human Resources,HR Manager,Female,13251,8,Below College,27,4,20,94.5,No
EMP0798,26,Research & Development,Healthcare Representative,Female,4872,2,Bachelor,17,3.9,6,96.6,No
EMP0799,22,Research & Development,Laboratory Technician,Female,4755,0,Bachelor,56,2.7,6,97,No
EMP0800,39,Human Resources,HR Associate,Female,4734,7,Below College,23,3.9,13,95,No
EMP0801,37,Research & Development,Senior Scientist,Male,14636,11,Bachelor,60,4.3,13,96.1,No
EMP0802,47,Sales,Regional Manager,Male,14855,24,College,12,3.5,18,95.1,No
EMP0803,34,Research & Development,Laboratory Technician,Male,5522,4,Master,11,4.1,21,94.2,No
EMP0804,22,Research & Development,Laboratory Technician,Male,3893,0,Master,25,4,9,97.2,Yes
EMP0805,35,Research & Development,Senior Scientist,Female,14648,8,Below College,60,4.4,19,93.7,Yes
EMP0806,28,Research & Development,Healthcare Representative,Male,4330,4,Doctorate,26,2.1,21,93.6,No
EMP0807,23,Human Resources,HR Associate,Non-Binary,4022,0,Bachelor,60,3.9,19,93.9,No
EMP0808,38,Human Resources,HR Manager,Female,10282,11,Bachelor,17,3,15,96.2,No
EMP0809,45,Research & Development,Senior Scientist,Female,12251,15,Below College,21,3.9,5,97.5,No
EMP0810,22,Sales,Sales Representative,Male,5228,0,Bachelor,26,4,13,96,No
EMP0811,50,Human Resources,HR Manager,Female,11591,8,Master,13,5,15,95.9,No
EMP0812,32,Research & Development,Laboratory Technician,Female,5222,9,Master,18,4.5,13,95.2,No
EMP0813,34,Sales,Sales Representative,Male,2500,6,Below College,60,3.6,13,95.6,No
EMP0814,44,Human Resources,HR Manager,Female,14195,10,Below College,22,3.3,2,98.4,No
EMP0815,36,Research & Development,Manufacturing Director,Female,11360,13,Bachelor,18,3.3,19,93.8,No
EMP0816,40,Research & Development,Manufacturing Director,Male,12383,5,Bachelor,41,3.7,3,98.1,No
EMP0817,48,Research & Development,Manufacturing Director,Female,11643,6,College,60,4.3,21,94.4,No
EMP0818,42,Research & Development,Senior Scientist,Male,12468,17,Bachelor,42,4.4,17,93.8,No
EMP0819,27,Sales,Sales Executive,Male,4234,0,Master,60,3.4,7,96.3,No
EMP0820,23,Sales,Sales Executive,Male,7132,1,Master,15,2.3,16,95.1,Yes
EMP0821,28,Research & Development,Laboratory Technician,Male,4015,4,Bachelor,31,2.6,3,97.3,No
EMP0822,48,Sales,Regional Manager,Male,8401,25,Master,60,4.8,16,94.4,No
EMP0823,48,Sales,Regional Manager,Male,13932,9,Bachelor,55,3.2,14,95.9,No
EMP0824,40,Research & Development,Laboratory Technician,Non-Binary,3196,17,Bachelor,20,3.3,11,96.9,No
EMP0825,50,Research & Development,Manufacturing Director,Female,13274,23,College,48,5,7,96.5,Yes
EMP0826,55,Human Resources,HR Manager,Non-Binary,13038,8,Bachelor,13,4.5,12,95.9,No
EMP0827,44,Sales,Regional Manager,Male,10622,8,Doctorate,54,4,20,94.3,No
EMP0828,21,Sales,Sales Executive,Male,5255,0,Bachelor,52,2.1,4,98.3,No
EMP0829,30,Research & Development,Laboratory Technician,Female,3576,3,Bachelor,39,2.6,5,98.4,No
EMP0830,33,Research & Development,Healthcare Representative,Male,4414,0,Bachelor,45,3.6,17,94.2,No
EMP0831,26,Sales,Sales Representative,Male,5150,2,College,10,2,7,97.4,No
EMP0832,40,Research & Development,Manufacturing Director,Female,12935,16,Master,36,4.8,18,93.5,No
EMP0833,33,Sales,Sales Representative,Male,3611,10,Bachelor,60,3.3,2,99.1,No
EMP0834,36,Sales,Regional Manager,Female,13189,5,Bachelor,60,4.5,17,94,No
EMP0835,31,Research & Development,Healthcare Representative,Female,2500,4,Bachelor,47,3.1,3,97.4,No
EMP0836,45,Research & Development,Manufacturing Director,Male,11015,9,Bachelor,36,3.3,21,93.2,No
EMP0837,23,Human Resources,HR Associate,Male,4057,1,Below College,31,3.6,16,94,No
EMP0838,34,Research & Development,Laboratory Technician,Female,3414,9,Bachelor,10,3,18,94.7,No
EMP0839,21,Research & Development,Laboratory Technician,Male,5784,0,College,60,3.2,21,94,No
EMP0840,22,Research & Development,Laboratory Technician,Male,3400,0,Master,26,3.5,21,94.3,Yes
EMP0841,33,Sales,Sales Representative,Non-Binary,6229,5,Master,18,3.4,16,95,Yes
EMP0842,33,Research & Development,Healthcare Representative,Male,5470,10,Master,10,4.4,3,98.8,No
EMP0843,52,Sales,Regional Manager,Female,11951,20,Bachelor,60,4.4,10,96.6,No
EMP0844,50,Human Resources,HR Manager,Non-Binary,15855,17,Bachelor,25,3.1,6,97.7,No
EMP0845,28,Sales,Sales Executive,Male,4674,3,College,26,2.4,17,95.6,No
EMP0846,24,Research & Development,Laboratory Technician,Male,2884,1,Master,25,2.3,8,96.3,Yes
EMP0847,21,Sales,Sales Executive,Male,3359,0,Bachelor,28,3.1,20,94.5,No
EMP0848,42,Human Resources,HR Manager,Male,15003,14,Bachelor,38,4.5,8,96.9,No
EMP0849,44,Research & Development,Manufacturing Director,Male,16508,19,Bachelor,14,4.7,10,97.1,Yes
EMP0850,32,Research & Development,Laboratory Technician,Female,5446,2,College,28,2.6,4,98.6,No
EMP0851,34,Sales,Sales Representative,Male,5506,6,Bachelor,57,3.3,16,95.8,No
EMP0852,21,Research & Development,Laboratory Technician,Female,4510,0,Below College,18,2.7,6,96.6,No
EMP0853,25,Sales,Sales Executive,Non-Binary,7199,2,Master,23,3.5,21,93.7,No
EMP0854,24,Research & Development,Healthcare Representative,Female,6966,2,Bachelor,20,2.2,2,99.5,No
EMP0855,27,Sales,Sales Executive,Female,2718,1,Below College,60,2.7,21,93.2,Yes
EMP0856,31,Sales,Sales Representative,Male,4323,0,Bachelor,27,3.5,12,96.6,No
EMP0857,33,Sales,Sales Representative,Female,5969,11,Below College,11,4.1,6,97.7,No
EMP0858,47,Research & Development,Manufacturing Director,Female,14407,20,Bachelor,27,4.4,21,94.7,No
EMP0859,33,Research & Development,Manufacturing Director,Male,9036,7,Master,54,4.9,14,94.5,No
EMP0860,29,Sales,Sales Executive,Male,3530,1,Below College,10,3.3,14,95.3,No
EMP0861,25,Research & Development,Laboratory Technician,Female,4341,3,Master,52,4.3,4,98.3,No
EMP0862,30,Research & Development,Laboratory Technician,Male,4808,2,Below College,19,4.3,13,96.2,No
EMP0863,45,Research & Development,Senior Scientist,Male,11572,14,College,16,4,2,99.1,No
EMP0864,25,Research & Development,Laboratory Technician,Male,2638,3,Master,11,4.4,2,99,No
EMP0865,32,Research & Development,Laboratory Technician,Male,2683,3,Bachelor,10,2.8,13,95.2,No
EMP0866,40,Research & Development,Manufacturing Director,Female,13884,10,College,60,4.5,5,96.9,No
EMP0867,28,Sales,Sales Executive,Female,5445,3,Bachelor,39,3.4,15,94.6,No
EMP0868,54,Sales,Regional Manager,Female,14423,25,Bachelor,43,3.3,20,93.1,No
EMP0869,25,Research & Development,Laboratory Technician,Male,2500,1,Master,51,2.8,2,98.4,Yes
EMP0870,44,Human Resources,HR Manager,Male,12279,8,Bachelor,52,4,13,96.7,No
EMP0871,48,Research & Development,Manufacturing Director,Male,11179,23,Master,13,3.4,13,95,No
EMP0872,27,Sales,Sales Representative,Male,6147,5,Master,20,4.1,9,96.7,No
EMP0873,28,Research & Development,Laboratory Technician,Male,4951,2,Bachelor,22,3.6,19,94.7,No
EMP0874,46,Research & Development,Manufacturing Director,Female,11578,15,Master,11,4.9,5,96.9,No
EMP0875,22,Sales,Sales Executive,Male,4059,0,Bachelor,18,3.3,4,97.8,No
